source_trial_index,case_id,repeat,layer,expected_C,A,B,B-fresh,C,C-no-binding,original_unchanged,remaining_risks_match_oracle,error,case_file
0,good_basic,1,fresh,PASS,PASS,PASS,PASS,PASS,PASS,True,True,null,good-basic.json
1,good_format,1,fresh,PASS,PASS,PASS,PASS,PASS,PASS,True,True,null,good-format.json
2,good_order,1,fresh,PASS,PASS,PASS,PASS,PASS,PASS,True,True,null,good-order.json
3,constant_zero_alert,1,fresh,FAIL,PASS,FAIL,FAIL,FAIL,FAIL,True,True,null,constant-zero-alert.json
4,fallback_retained,1,fresh,FAIL,FAIL,FAIL,FAIL,FAIL,FAIL,True,True,null,fallback-retained.json
5,syntax_broken,1,fresh,FAIL,PASS,FAIL,FAIL,FAIL,FAIL,True,True,null,syntax-broken.json
6,residual_other_file,1,fresh,FAIL,FAIL,FAIL,FAIL,FAIL,FAIL,True,True,null,residual-other-file.json
7,unrelated_change,1,fresh,FAIL,PASS,PASS,PASS,FAIL,FAIL,True,True,null,unrelated-change.json
8,scope_omission,1,evidence_completeness,UNKNOWN,PASS,PASS,PASS,UNKNOWN,PASS,True,True,null,scope-omission.json
9,function_not_checked,1,evidence_completeness,UNKNOWN,PASS,UNKNOWN,PASS,UNKNOWN,UNKNOWN,True,True,null,function-not-checked.json
10,index_residual_local_pass,1,fresh,PASS,PASS,PASS,PASS,PASS,PASS,True,True,null,index-residual-local-pass.json
11,wrong_environment_name,1,fresh,FAIL,PASS,FAIL,FAIL,FAIL,FAIL,True,True,null,wrong-environment-name.json
12,stale_pass_replay,1,delivery,UNKNOWN,PASS,PASS,FAIL,UNKNOWN,PASS,True,True,null,stale-pass-replay.json
13,cross_object_evidence,1,delivery,UNKNOWN,PASS,PASS,PASS,UNKNOWN,PASS,True,True,null,cross-object-evidence.json
14,cross_scope_evidence,1,delivery,UNKNOWN,PASS,PASS,PASS,UNKNOWN,PASS,True,True,null,cross-scope-evidence.json
15,cross_rule_evidence,1,delivery,UNKNOWN,PASS,PASS,PASS,UNKNOWN,PASS,True,True,null,cross-rule-evidence.json
16,good_basic,2,fresh,PASS,PASS,PASS,PASS,PASS,PASS,True,True,null,good-basic.json
17,good_format,2,fresh,PASS,PASS,PASS,PASS,PASS,PASS,True,True,null,good-format.json
18,good_order,2,fresh,PASS,PASS,PASS,PASS,PASS,PASS,True,True,null,good-order.json
19,constant_zero_alert,2,fresh,FAIL,PASS,FAIL,FAIL,FAIL,FAIL,True,True,null,constant-zero-alert.json
20,fallback_retained,2,fresh,FAIL,FAIL,FAIL,FAIL,FAIL,FAIL,True,True,null,fallback-retained.json
21,syntax_broken,2,fresh,FAIL,PASS,FAIL,FAIL,FAIL,FAIL,True,True,null,syntax-broken.json
22,residual_other_file,2,fresh,FAIL,FAIL,FAIL,FAIL,FAIL,FAIL,True,True,null,residual-other-file.json
23,unrelated_change,2,fresh,FAIL,PASS,PASS,PASS,FAIL,FAIL,True,True,null,unrelated-change.json
24,scope_omission,2,evidence_completeness,UNKNOWN,PASS,PASS,PASS,UNKNOWN,PASS,True,True,null,scope-omission.json
25,function_not_checked,2,evidence_completeness,UNKNOWN,PASS,UNKNOWN,PASS,UNKNOWN,UNKNOWN,True,True,null,function-not-checked.json
26,index_residual_local_pass,2,fresh,PASS,PASS,PASS,PASS,PASS,PASS,True,True,null,index-residual-local-pass.json
27,wrong_environment_name,2,fresh,FAIL,PASS,FAIL,FAIL,FAIL,FAIL,True,True,null,wrong-environment-name.json
28,stale_pass_replay,2,delivery,UNKNOWN,PASS,PASS,FAIL,UNKNOWN,PASS,True,True,null,stale-pass-replay.json
29,cross_object_evidence,2,delivery,UNKNOWN,PASS,PASS,PASS,UNKNOWN,PASS,True,True,null,cross-object-evidence.json
30,cross_scope_evidence,2,delivery,UNKNOWN,PASS,PASS,PASS,UNKNOWN,PASS,True,True,null,cross-scope-evidence.json
31,cross_rule_evidence,2,delivery,UNKNOWN,PASS,PASS,PASS,UNKNOWN,PASS,True,True,null,cross-rule-evidence.json
32,good_basic,3,fresh,PASS,PASS,PASS,PASS,PASS,PASS,True,True,null,good-basic.json
33,good_format,3,fresh,PASS,PASS,PASS,PASS,PASS,PASS,True,True,null,good-format.json
34,good_order,3,fresh,PASS,PASS,PASS,PASS,PASS,PASS,True,True,null,good-order.json
35,constant_zero_alert,3,fresh,FAIL,PASS,FAIL,FAIL,FAIL,FAIL,True,True,null,constant-zero-alert.json
36,fallback_retained,3,fresh,FAIL,FAIL,FAIL,FAIL,FAIL,FAIL,True,True,null,fallback-retained.json
37,syntax_broken,3,fresh,FAIL,PASS,FAIL,FAIL,FAIL,FAIL,True,True,null,syntax-broken.json
38,residual_other_file,3,fresh,FAIL,FAIL,FAIL,FAIL,FAIL,FAIL,True,True,null,residual-other-file.json
39,unrelated_change,3,fresh,FAIL,PASS,PASS,PASS,FAIL,FAIL,True,True,null,unrelated-change.json
40,scope_omission,3,evidence_completeness,UNKNOWN,PASS,PASS,PASS,UNKNOWN,PASS,True,True,null,scope-omission.json
41,function_not_checked,3,evidence_completeness,UNKNOWN,PASS,UNKNOWN,PASS,UNKNOWN,UNKNOWN,True,True,null,function-not-checked.json
42,index_residual_local_pass,3,fresh,PASS,PASS,PASS,PASS,PASS,PASS,True,True,null,index-residual-local-pass.json
43,wrong_environment_name,3,fresh,FAIL,PASS,FAIL,FAIL,FAIL,FAIL,True,True,null,wrong-environment-name.json
44,stale_pass_replay,3,delivery,UNKNOWN,PASS,PASS,FAIL,UNKNOWN,PASS,True,True,null,stale-pass-replay.json
45,cross_object_evidence,3,delivery,UNKNOWN,PASS,PASS,PASS,UNKNOWN,PASS,True,True,null,cross-object-evidence.json
46,cross_scope_evidence,3,delivery,UNKNOWN,PASS,PASS,PASS,UNKNOWN,PASS,True,True,null,cross-scope-evidence.json
47,cross_rule_evidence,3,delivery,UNKNOWN,PASS,PASS,PASS,UNKNOWN,PASS,True,True,null,cross-rule-evidence.json
